1.3523,1.5625,1.5867,1.5534,1.353,1.503,1.5064,1.0218,1.1203
0.61384,0.70019,0.72737,0.68068,0.49729,0.64304,0.68502,0.32413,0.47006
1.0549,1.0497,1.1975,1.0686,0.78212,1.012,1.1372,0.57019,0.8831
0.37874,0.42165,0.45148,0.40897,0.27626,0.38388,0.43341,0.18054,0.29761
0.92331,0.99356,1.0345,0.98185,0.75936,0.94233,1.07,0.54321,0.83765
0.19135,0.21009,0.21984,0.20051,0.13201,0.19177,0.23243,0.085534,0.16112
0.52407,0.57401,0.5987,0.56193,0.41354,0.52468,0.52857,0.27769,0.34424
1.0417,1.1334,1.1709,1.1112,0.83612,1.0684,1.1054,0.60115,0.77496
0.19871,0.23786,0.24671,0.22702,0.1519,0.21329,0.24248,0.091103,0.15734
0.68785,0.76154,0.7929,0.74785,0.50034,0.69343,1.0085,0.34344,0.84759
0.48953,0.54754,0.56942,0.52752,0.35735,0.49724,0.60481,0.23921,0.44936
0.25593,0.27921,0.30269,0.26473,0.1757,0.25028,0.27951,0.12092,0.19554
1.4863,1.6224,1.7311,1.5992,1.2724,1.5095,1.5514,0.96528,1.1828
0.53566,0.57196,0.59508,0.54932,0.38344,0.52723,0.76805,0.26937,0.64362
0.22184,0.25869,0.2688,0.24836,0.17042,0.22975,0.22537,0.1038,0.12694
0.56591,0.63754,0.65705,0.61028,0.415,0.57635,0.75036,0.28056,0.58474
1.1007,1.2136,1.2456,1.1948,0.96585,1.1367,1.1355,0.70367,0.80563
0.59284,0.65031,0.66896,0.62417,0.45145,0.58911,0.61672,0.31542,0.42517
0.41632,0.49802,0.51305,0.48275,0.35613,0.45062,0.48352,0.22554,0.32466
1.0856,1.1851,1.2193,1.1623,0.92795,1.1206,1.2418,0.68616,0.99227
0.76567,0.88342,0.92466,0.8697,0.649,0.81993,0.86551,0.43331,0.59903
1.2419,1.3548,1.3906,1.3324,1.086,1.2806,1.2994,0.81903,0.96366
1.1193,1.2981,1.359,1.286,0.97899,1.2192,1.3668,0.69332,1.0401
0.71619,0.79777,0.81749,0.77058,0.57374,0.73696,0.79453,0.40299,0.56832
0.69038,0.78017,0.81212,0.76452,0.55483,0.72288,0.71855,0.36125,0.44246
0.44324,0.47225,0.49656,0.45265,0.29984,0.42866,0.49416,0.20561,0.34919
0.61275,0.69843,0.72781,0.68379,0.49211,0.64768,0.69568,0.31921,0.47069
0.47186,0.56472,0.58156,0.54623,0.39153,0.51714,0.62162,0.24986,0.45011
0.88497,0.95789,0.98836,0.93188,0.69957,0.89289,1.0536,0.50249,0.84934
0.21173,0.24875,0.25761,0.23818,0.16333,0.22269,0.23994,0.10204,0.15265
0.43102,0.49515,0.51101,0.47685,0.34308,0.45222,0.48187,0.22487,0.31929
0.44364,0.49897,0.51577,0.47832,0.33927,0.45018,0.4501,0.22847,0.28051
0.80713,0.85745,0.91159,0.84841,0.6269,0.80814,0.90384,0.43969,0.67598
0.42869,0.46297,0.48114,0.44552,0.31977,0.4138,0.42329,0.22176,0.28631
0.62684,0.71332,0.74344,0.68628,0.48798,0.6698,0.96934,0.32945,0.78305
0.33148,0.3553,0.37349,0.34091,0.22579,0.32682,0.40869,0.15295,0.2985
0.47188,0.49653,0.51545,0.48497,0.34639,0.44335,0.46135,0.24105,0.32719
1.5267,1.488,1.7188,1.4832,1.0617,1.3489,1.4306,0.79752,1.1125
1.2557,1.3445,1.4096,1.3406,1.0502,1.3023,1.6023,0.77021,1.3433
0.90115,0.97173,1.0097,0.95338,0.72686,0.91573,0.92037,0.51669,0.61867
0.61568,0.72766,0.75303,0.71762,0.55848,0.67067,0.66479,0.36287,0.41887
0.72884,0.81854,0.84364,0.80599,0.63622,0.73961,0.71862,0.43769,0.46758
1.0829,1.1971,1.2297,1.1783,0.96119,1.0959,1.1193,0.71247,0.85765
0.7555,0.88976,0.92008,0.87702,0.66526,0.83174,0.89499,0.44346,0.62303
0.39972,0.46326,0.47335,0.44173,0.3166,0.41687,0.49624,0.20942,0.36927
0.79983,0.95429,0.9798,0.94367,0.75729,0.88319,0.90854,0.50854,0.63814
0.38192,0.44587,0.46043,0.43091,0.28083,0.40271,0.56329,0.17605,0.4337
0.84922,0.88518,0.949,0.87624,0.63057,0.83563,0.953,0.44807,0.71778
0.83941,0.91849,0.94055,0.8939,0.67175,0.84619,0.94962,0.48141,0.73612
1.2477,1.3834,1.4197,1.356,1.0984,1.3223,1.3709,0.81801,1.0181
0.24299,0.27715,0.28951,0.26608,0.18131,0.24874,0.24743,0.11278,0.14256
0.36803,0.38175,0.4133,0.37133,0.24812,0.35037,0.40526,0.1706,0.293
1.3862,1.4823,1.5225,1.4592,1.195,1.4223,1.5208,0.92007,1.2118
0.37667,0.4101,0.4274,0.39956,0.28678,0.36571,0.37608,0.19586,0.25594
0.44563,0.4994,0.51399,0.47874,0.34568,0.44202,0.43725,0.23329,0.27951
0.6863,0.73864,0.77543,0.7192,0.53995,0.67233,0.71188,0.39205,0.53268
0.78898,0.88254,0.91937,0.86964,0.63148,0.83347,1.1698,0.4338,0.96957
0.37235,0.43167,0.45412,0.41331,0.28254,0.39475,0.41981,0.17426,0.26096
0.3,0.31636,0.33106,0.30122,0.201,0.28559,0.3017,0.13549,0.19621
0.74339,0.80224,0.82474,0.77595,0.56812,0.73809,0.8646,0.40898,0.68136
0.42742,0.46261,0.48153,0.44126,0.29888,0.422,0.48519,0.20354,0.3427
0.59735,0.65311,0.67876,0.63875,0.47323,0.59868,0.60723,0.31973,0.4033
0.98215,1.172,1.1979,1.1553,0.96037,1.1138,1.1781,0.66593,0.8732
1.0326,1.1702,1.2251,1.1463,0.8871,1.0968,1.151,0.63214,0.82975
0.62724,0.67693,0.70457,0.64458,0.44641,0.62406,0.73674,0.31304,0.54095
0.77099,0.81007,0.84717,0.79658,0.58949,0.75941,0.76643,0.4192,0.51354
0.66227,0.75131,0.79069,0.74334,0.54229,0.69877,0.78218,0.35514,0.563
0.97428,1.1055,1.167,1.1005,0.89986,1.029,1.0496,0.63178,0.76475
0.33488,0.389,0.40022,0.37516,0.2754,0.34642,0.34123,0.17733,0.20774
0.88785,1.0163,1.0471,0.99392,0.77642,0.95233,0.95683,0.53761,0.63851
0.71052,0.75283,0.789,0.72285,0.50038,0.67703,0.81646,0.36184,0.64759
0.89884,0.96161,0.99757,0.95891,0.78405,0.89001,0.89605,0.56768,0.66052
0.37244,0.44722,0.45836,0.42474,0.28687,0.40636,0.67605,0.17852,0.54379
0.54973,0.57088,0.61672,0.54743,0.35817,0.52911,0.64008,0.24523,0.45303
0.75599,0.84849,0.87261,0.82107,0.59633,0.7944,0.94022,0.41416,0.69824
1.058,1.2263,1.2621,1.2264,1.0423,1.1569,1.1736,0.74207,0.8637
0.25377,0.27465,0.28635,0.26087,0.17001,0.24764,0.26107,0.10931,0.1635
0.96611,1.0093,1.1101,0.99847,0.7115,0.96341,1.1617,0.49731,0.89634
0.83366,0.9039,0.9403,0.87016,0.62567,0.84145,0.89521,0.44021,0.62304
0.52981,0.56312,0.59412,0.55147,0.39421,0.5193,0.56362,0.27096,0.39983
0.32559,0.35236,0.36767,0.33563,0.22153,0.32196,0.36735,0.14776,0.24741
0.45993,0.53169,0.55489,0.51609,0.38936,0.47182,0.45779,0.25716,0.28252
0.97768,1.0567,1.1092,1.0544,0.844,0.98692,0.9858,0.60911,0.6982
0.70864,0.7548,0.80087,0.72839,0.51478,0.70293,0.79257,0.36869,0.57751
0.62161,0.65459,0.70546,0.64226,0.44964,0.61555,0.70594,0.31285,0.51147
1.0402,1.0612,1.1714,1.0808,0.81162,1.0213,1.1224,0.58945,0.85775
1.2637,1.4137,1.4515,1.3985,1.1554,1.3545,1.4668,0.851,1.1517
0.87474,0.94317,0.96321,0.92579,0.75074,0.84845,0.83214,0.54451,0.58988
0.44085,0.46782,0.52281,0.46423,0.31467,0.43397,0.52427,0.22042,0.40635
0.43465,0.46553,0.48324,0.44474,0.30687,0.42138,0.44333,0.21498,0.29893
0.87902,0.96898,1.0147,0.93556,0.69383,0.901,0.94736,0.49644,0.66286
0.52303,0.58538,0.60097,0.56107,0.40523,0.52999,0.53699,0.27798,0.34812
0.38658,0.4493,0.46211,0.42796,0.29772,0.40774,0.5293,0.19458,0.40098
1.2198,1.3646,1.394,1.3394,1.0508,1.2856,1.3863,0.77697,1.0571
0.84355,0.9091,0.92956,0.88559,0.67627,0.8273,0.88745,0.49227,0.68547
0.52728,0.60024,0.62462,0.58467,0.41636,0.55374,0.61959,0.27415,0.43414
0.21364,0.2283,0.23975,0.21936,0.14521,0.20783,0.21722,0.096189,0.1351
0.47475,0.56766,0.58723,0.5471,0.39556,0.52839,0.60528,0.25073,0.40993
0.60919,0.65067,0.67548,0.64003,0.45355,0.59072,0.64564,0.31615,0.47454
0.46337,0.49072,0.5327,0.48705,0.35704,0.44565,0.44199,0.2434,0.28836
